model,accuracy,precision,recall,f1_macro
RandomForest,0.8358095238095238,0.8394150951027797,0.8441841412380647,0.8372570753910944
SVC,0.7361904761904762,0.7436511013951673,0.7432303696842114,0.7398533746634405
NeuralNetwork,0.39980952380952384,0.46936172230411866,0.41283991510853824,0.38787017556882636
LogisticRegression,0.3464761904761905,0.3508606327807437,0.3527034435512604,0.3454989016996766
